Notes,,,,,,,,,,,,,,,,,
facility_id,facility_name,ccs_retrofit_eligible,rep_facility,existing_45q,existing_ntc,retrofit_status,years_operating,ng_thruput_mmcf,vintage,state,census_division,avg_co2tputrat_cdvn,med_co2tputrat_cdvn,co2_capture_mmcf,co2_capture_tonnes,throughput_tons,45q_eligible
1011064,RED HILLS GAS PROCESSING PLANT,TRUE,FALSE,FALSE,FALSE,TRUE,1,426651.6959,post,NM,8,0.05746,0.06545,27925.31617,520300.9,8762614.415,TRUE
1004301,Century Gas Plant,TRUE,FALSE,FALSE,TRUE,TRUE,14,3061914.439,post,TX,7,0.04069,0.01402,27940810.75,800000,149084.6141,TRUE
r8,REP_FACILITY_CDIV8,FALSE,TRUE,TRUE,TRUE,FALSE,0,3686624.526,pre,CO,8,0.05746,0.06545,228689.4646,4260912.696,75716256.44,TRUE
r7,REP_FACILITY_CDIV7,FALSE,TRUE,TRUE,TRUE,FALSE,0,6919955.62,pre,TX,7,0.04069,0.01402,103233.0543,1923424.992,142122727.9,TRUE
r3,REP_FACILITY_CDIV3,FALSE,TRUE,TRUE,TRUE,FALSE,0,1842068.012,pre,MI,3,0.03277,0.01402,25468.27055,474521.542,37832573.67,TRUE
r1,REP_FACILITY_CDIV1,FALSE,TRUE,TRUE,TRUE,FALSE,0,74479.11889,pre,NH,1,0.03277,0.01402,21278.53254,396458.8821,1529659.456,TRUE
r6,REP_FACILITY_CDIV6,FALSE,TRUE,TRUE,TRUE,FALSE,0,736416.0662,pre,MS,6,0.03277,0.01402,10181.62386,189702.7065,15124585.46,TRUE
r9,REP_FACILITY_CDIV9,FALSE,TRUE,TRUE,TRUE,FALSE,0,411324.5726,pre,CA,9,0.03277,0.01402,5686.93742,105958.2867,8447824.453,TRUE
r4,REP_FACILITY_CDIV4,FALSE,TRUE,TRUE,TRUE,FALSE,0,173775.1266,pre,KS,4,0.03277,0.01402,2402.59964,44764.92751,3569010.61,TRUE
r5,REP_FACILITY_CDIV5,FALSE,TRUE,TRUE,TRUE,FALSE,0,1300026.386,pre,WV,5,0.00017,0.00017,221.48494,4126.67894,26700069.53,TRUE
r2,REP_FACILITY_CDIV2,FALSE,TRUE,TRUE,TRUE,FALSE,0,337.19333,pre,PA,2,0.03277,0.01402,4.66201,86.86188,6925.30967,TRUE
1002150,SHUTE CREEK FACILITY,TRUE,FALSE,FALSE,TRUE,TRUE,38,1311239.271,pre,WY,8,0.05746,0.06545,85823.56892,1599053.7,26930360.88,TRUE
1002265,ContangoResources_LOST CABIN,TRUE,FALSE,TRUE,FALSE,FALSE,0,16116220.08,post,WY,8,0.05746,0.06545,49706.81727,664050.0628,784698.7557,TRUE
1000002,TERRELL GAS PROCESSING,TRUE,FALSE,FALSE,TRUE,TRUE,52,16593.62427,pre,TX,7,0.04069,0.01402,232.69214,500000,340801.4842,TRUE
1000001,CORE ENERGY CO2-EOR,TRUE,FALSE,FALSE,TRUE,TRUE,21,11615.53699,pre,MI,3,0.03277,0.01402,162.8845,100000,238561.0389,TRUE
1002943,"BARGATH, INC.- PARACHUTE",TRUE,FALSE,FALSE,FALSE,FALSE,0,8258293.456,pre,CO,8,0.05746,0.06545,25470.82888,96150.97391,402096.3084,TRUE
1005641,LINAM RANCH GAS PLANT,TRUE,FALSE,FALSE,FALSE,FALSE,0,16319737.04,pre,NM,8,0.04069,0.01402,35644.12775,86577.96271,794607.9963,TRUE
1002515,ARTESIA GAS PLANT,TRUE,FALSE,FALSE,FALSE,FALSE,0,9866323.222,pre,NM,8,0.04069,0.01402,21549.15147,15622.70894,7.674212038,TRUE
1003767,Sand Hills Gas Plant,TRUE,FALSE,FALSE,FALSE,FALSE,0,15140438.69,pre,TX,7,0.04069,0.01402,33068.4085,10819.39311,737187.9598,TRUE
1011356,ZIA II GAS PLANT,TRUE,FALSE,FALSE,FALSE,FALSE,0,93751,post,NM,8,0.05746,0.06545,5205.92365,96996.1,1925467.242,TRUE
1013183,TARGA WILDCAT GAS PROCESSING PLANT,TRUE,FALSE,FALSE,FALSE,FALSE,0,334975.7361,post,TX,7,0.04069,0.01402,4697.3596,87520.6,6879764.553,TRUE
1013609,CAMPO VIEJO GAS PROCESSING PLANT,TRUE,FALSE,FALSE,FALSE,FALSE,0,164769.2708,post,TX,7,0.04069,0.01402,2310.55695,43050,3384047.459,TRUE
1005897,Jal #3 Gas Plant,TRUE,FALSE,FALSE,FALSE,FALSE,0,104716458.5,post,NM,8,0.04069,0.01402,228712.4367,30565.73353,5098644.364,TRUE
1010032,LANCASTER RANCH COMPRESSOR STATION AND TREATING FACILITY,TRUE,FALSE,FALSE,FALSE,FALSE,0,78779.99661,post,TX,7,0.04069,0.01402,1104.73068,20583.2,1617991.304,TRUE
1007903,Velma Gas Plant,TRUE,FALSE,FALSE,FALSE,FALSE,0,47270213.62,post,OK,7,0.04069,0.01402,103243.4242,15408.64033,2301586.701,TRUE
1013185,TARGA OAHU GAS PROCESSING PLANT,TRUE,FALSE,FALSE,FALSE,FALSE,0,47128.60431,post,TX,7,0.04069,0.01402,660.88369,12313.5,967931.902,TRUE
1008831,CATCHER RANCH GAS PLANT,TRUE,FALSE,FALSE,FALSE,FALSE,0,44997.12912,post,OK,7,0.04069,0.01402,630.99405,11756.6,924155.4553,TRUE
1004137,XTO - COTTON COVE,TRUE,FALSE,FALSE,FALSE,FALSE,0,34018.25216,post,TX,7,0.04069,0.01402,477.03743,8888.1,698670.2025,TRUE
1013701,SANTA FE 430 30-30 GAS PLANT GB,TRUE,FALSE,FALSE,FALSE,FALSE,0,24789.64204,post,TX,7,0.04069,0.01402,347.62477,6476.9,509132.1019,TRUE
1002195,Sneed Booster Station,TRUE,FALSE,FALSE,FALSE,FALSE,0,69943859.45,post,TX,7,0.04069,0.01402,152765.1981,4373.96608,3405566.517,TRUE
9999999,GREENFIELD,TRUE,FALSE,FALSE,FALSE,FALSE,0,74479.11889,post,MI,3,0.03277,0.01402,21546.98705,401460.6919,1529659.456,TRUE
1013593,"DTE LOUISIANA GATHERING, LLC 230 - ARKLA BASIN GB",TRUE,FALSE,FALSE,FALSE,FALSE,0,1324814.213,post,LA,7,0.04069,0.01402,18577.84934,346140.1,27209164.36,TRUE
1009093,YOAKUM CRYOGENIC PLANT,TRUE,FALSE,FALSE,FALSE,FALSE,0,362101,post,TX,7,0.04069,0.01402,11227.46585,209188.7,7436865.886,TRUE
1013753,FREEPORT LNG PRETREATMENT FACILITY,TRUE,FALSE,FALSE,FALSE,FALSE,0,765566.2571,post,TX,7,0.04069,0.01402,10735.52386,200022.9,15723274.95,TRUE
1006682,ROBELINE PLANT,TRUE,FALSE,FALSE,FALSE,FALSE,0,745511.8657,post,LA,7,0.04069,0.01402,10454.30143,194783.2,15311395.89,TRUE
1012329,POWDER RIVER BASIN - G&B - AAPG PROVINCE 515,TRUE,FALSE,FALSE,FALSE,FALSE,0,137818.9195,post,CO,8,0.05746,0.06545,9020.55925,168069.9,2830538.499,TRUE
1009181,CONVERSE CENTRAL FACILITY,TRUE,FALSE,FALSE,FALSE,FALSE,0,601556.3411,post,LA,7,0.04069,0.01402,8435.61533,157171.3,12354823.19,TRUE
1011011,JACKSON COUNTY GAS PLANT,TRUE,FALSE,FALSE,FALSE,FALSE,0,287936,post,TX,7,0.04069,0.01402,7880.58251,146830,5913657.835,TRUE
1009090,PLEASANT HILL GAS TREATING FACILITY,TRUE,FALSE,FALSE,FALSE,FALSE,0,484155.6522,post,LA,7,0.04069,0.01402,6789.30727,126497.5,9943636.316,TRUE
1013400,ORLA GAS PLANT,TRUE,FALSE,FALSE,FALSE,FALSE,0,58768,post,TX,7,0.04069,0.01402,6721.8798,125241.2,1206982.953,TRUE
1012781,LOBO PROCESSING PLANT,TRUE,FALSE,FALSE,FALSE,FALSE,0,467942.8153,post,TX,7,0.04069,0.01402,6561.95491,122261.5,9610655.479,TRUE
1005693,WEST BISTINEAU FACILITY,TRUE,FALSE,FALSE,FALSE,FALSE,0,421613.7534,post,LA,7,0.04069,0.01402,5912.28318,110156.9,8659144.657,TRUE
1014208,URBAN 575 UINTA BASIN GB,TRUE,FALSE,FALSE,FALSE,FALSE,0,88607.19565,post,CO,8,0.05746,0.06545,5799.54089,108056.3,1819823.283,TRUE
1013388,ALTUS GATHERING AND BOOSTING,TRUE,FALSE,FALSE,FALSE,FALSE,0,406462.2525,post,TX,7,0.04069,0.01402,5699.81392,106198.2,8347961.645,TRUE
1012815,ALAMO GAS PLANT,TRUE,FALSE,FALSE,FALSE,FALSE,0,46965,post,TX,7,0.04069,0.01402,5445.48627,101459.6,964571.7807,TRUE
1009840,BATTLEFIELD GAS PLANT,TRUE,FALSE,FALSE,FALSE,FALSE,0,338647.3542,post,LA,7,0.04069,0.01402,4748.84664,88479.9,6955172.607,TRUE
1010768,RAMSEY GAS PLANT,TRUE,FALSE,FALSE,FALSE,FALSE,0,320277.3986,post,TX,7,0.04069,0.01402,4491.24504,83680.3,6577888.654,TRUE
1012901,PANTHER GAS PLANT,TRUE,FALSE,FALSE,FALSE,FALSE,0,74267,post,TX,7,0.04069,0.01402,4419.72243,82347.7,1525302.937,TRUE
1013544,DIAMOND CRYO,TRUE,FALSE,FALSE,FALSE,FALSE,0,310024.5781,post,TX,7,0.04069,0.01402,4347.46989,81001.5,6367315.22,TRUE
1009289,HAYNESVILLE GATHERING-230-ARKLA BASIN,TRUE,FALSE,FALSE,FALSE,FALSE,0,309513.2384,post,LA,7,0.04069,0.01402,4340.29938,80867.9,6356813.275,TRUE
1013396,NACOGDOCHES AMINE AND DEHYDRATION PLANT,TRUE,FALSE,FALSE,FALSE,FALSE,0,306618.1982,post,TX,7,0.04069,0.01402,4299.70228,80111.5,6297354.657,TRUE
1010598,SHELBY,TRUE,FALSE,FALSE,FALSE,FALSE,0,306610.1607,post,TX,7,0.04069,0.01402,4299.58957,80109.4,6297189.581,TRUE
1012817,ARKOMA BASIN - BG,TRUE,FALSE,FALSE,FALSE,FALSE,0,297182.1434,post,OK,7,0.04069,0.01402,4167.38063,77646.1,6103556.037,TRUE
1012723,IBEX MIDSTREAM-230-ARKLA BASIN,TRUE,FALSE,FALSE,FALSE,FALSE,0,255233.1501,post,TX,7,0.04069,0.01402,3579.13054,66685.9,5242003.494,TRUE
1012529,LUCID ENERGY DELAWARE 430 PERMIAN BASIN GB,TRUE,FALSE,FALSE,FALSE,FALSE,0,251415.7083,post,TX,7,0.04069,0.01402,3525.59861,65688.5,5163600.499,TRUE
1011012,KENEDY GAS PLANT,TRUE,FALSE,FALSE,FALSE,FALSE,0,248490.4318,post,TX,7,0.04069,0.01402,3484.57751,64924.2,5103520.883,TRUE
1007449,"TALCO MIDSTREAM ASSETS, LTD. - HOLLY COMMON POINT #6 FACILITY",TRUE,FALSE,FALSE,FALSE,FALSE,0,245318.2884,post,TX,7,0.04069,0.01402,3440.09459,64095.4,5038371.091,TRUE
1010223,GOLIAD GAS PLANT,TRUE,FALSE,FALSE,FALSE,FALSE,0,60062,post,TX,7,0.04069,0.01402,3177.38346,59200.6,1233559.252,TRUE
1010735,LAS TIENDAS PLANT,TRUE,FALSE,FALSE,FALSE,FALSE,0,224290.2083,post,TX,7,0.04069,0.01402,3145.21814,58601.3,4606494.317,TRUE
1011558,TARGA PEMBROOK GAS PROCESSING PLANT,TRUE,FALSE,FALSE,FALSE,FALSE,0,218876.3608,post,TX,7,0.04069,0.01402,3069.29984,57186.8,4495304.186,TRUE
1012062,BECKVILLE GAS PROCESSING PLANT,TRUE,FALSE,FALSE,FALSE,FALSE,0,43247,post,TX,7,0.04069,0.01402,2930.00627,54591.5,888211.1317,TRUE
1013924,BULLDOG GAS PLANT (PANOLA III),TRUE,FALSE,FALSE,FALSE,FALSE,0,201202.2252,post,TX,7,0.04069,0.01402,2821.45571,52569,4132311.053,TRUE
1008595,"TGG PIPELINE, LTD. - SHELBY #3 FACILITY",TRUE,FALSE,FALSE,FALSE,FALSE,0,197128.7308,post,TX,7,0.04069,0.01402,2764.33316,51504.7,4048649.225,TRUE
1012463,SOUTH EDDY CRYO PLANT,TRUE,FALSE,FALSE,FALSE,FALSE,0,41932.33527,post,NM,8,0.05746,0.06545,2744.56596,51136.4,861210.4183,TRUE
1012796,"EOG RESOURCES, INC. 420 FORT WORTH SYNCLINE BASIN GATHERING & BOOSTING",TRUE,FALSE,FALSE,FALSE,FALSE,0,195371.9574,post,TX,7,0.04069,0.01402,2739.69796,51045.7,4012568.44,TRUE
1013697,KUDU MIDSTREAM-260 EAST TEXAS BASIN,TRUE,FALSE,FALSE,FALSE,FALSE,0,194130.3511,post,TX,7,0.04069,0.01402,2722.28693,50721.3,3987068.208,TRUE
1009775,"KH PLANTATION SOUTH GAS TREATING FACILITY COUSHATTA, LA",TRUE,FALSE,FALSE,FALSE,FALSE,0,177257.6715,post,LA,7,0.04069,0.01402,2485.6816,46312.9,3640535.46,TRUE
1010234,LOGANSPORT EXPANSION GATHERING FACILITY,TRUE,FALSE,FALSE,FALSE,FALSE,0,167929.9319,post,LA,7,0.04069,0.01402,2354.87885,43875.8,3448961.428,TRUE
1010300,WIGGINS FACILITY,TRUE,FALSE,FALSE,FALSE,FALSE,0,162510.7261,post,LA,7,0.04069,0.01402,2278.88541,42459.9,3337661.247,TRUE
1013901,HORSESHOE TREATER,TRUE,FALSE,FALSE,FALSE,FALSE,0,161476.1818,post,TX,7,0.04069,0.01402,2264.37802,42189.6,3316413.674,TRUE
1010353,APPLEBY TREATER,TRUE,FALSE,FALSE,FALSE,FALSE,0,154429.9512,post,TX,7,0.04069,0.01402,2165.56883,40348.6,3171697.498,TRUE
1010118,EAGLE-1 GAS PLANT,TRUE,FALSE,FALSE,FALSE,FALSE,0,39088,post,TX,7,0.04069,0.01402,2150.94336,40076.1,802793.1814,TRUE
1009774,"KH PLANTATION CENTRAL GAS TREATING FACILITY COUSHATTA, LA",TRUE,FALSE,FALSE,FALSE,FALSE,0,153025.2979,post,LA,7,0.04069,0.01402,2145.8714,39981.6,3142848.592,TRUE
1010120,BRASADA GAS PLANT,TRUE,FALSE,FALSE,FALSE,FALSE,0,71034,post,TX,7,0.04069,0.01402,2046.03709,38121.5,1458903.266,TRUE
1013932,MENTONE GAS PLANT,TRUE,FALSE,FALSE,FALSE,FALSE,0,139858.6831,post,TX,7,0.04069,0.01402,1961.23616,36541.5,2872431.364,TRUE
1012151,MT. OLIVE GAS PLANT,TRUE,FALSE,FALSE,FALSE,FALSE,0,138201.4219,post,LA,7,0.04069,0.01402,1937.99642,36108.5,2838394.371,TRUE
1010643,WOODSBORO PLANT,TRUE,FALSE,FALSE,FALSE,FALSE,0,63984.925,post,TX,7,0.04069,0.01402,1917.39194,35724.6,1314128.671,TRUE
1011948,DUBBERLY REFRIGERATION PLANT,TRUE,FALSE,FALSE,FALSE,FALSE,0,9869,post,LA,7,0.04069,0.01402,1901.85941,35435.2,202690.4909,TRUE
1012200,KINDERHAWK FIELD SERVICES LLC 230 ARKLA BASIN,TRUE,FALSE,FALSE,FALSE,FALSE,0,135078.6519,post,TX,7,0.04069,0.01402,1894.20586,35292.6,2774258.614,TRUE
1010358,TENAHA PLANT,TRUE,FALSE,FALSE,FALSE,FALSE,0,130726.906,post,TX,7,0.04069,0.01402,1833.18139,34155.6,2684882.03,TRUE
1013722,PONDEROSA GATHERING LLC,TRUE,FALSE,FALSE,FALSE,FALSE,0,127361.8621,post,TX,7,0.04069,0.01402,1785.99343,33276.4,2615770.426,TRUE
1013724,SCM PECOS GAS PROCESSING PLANT,TRUE,FALSE,FALSE,FALSE,FALSE,0,126615.5204,post,TX,7,0.04069,0.01402,1775.5275,33081.4,2600441.988,TRUE
1013745,"GEMINI ARKLATEX, LLC",TRUE,FALSE,FALSE,FALSE,FALSE,0,126015.3852,post,TX,7,0.04069,0.01402,1767.11181,32924.6,2588116.352,TRUE
1009776,"KH PLANTATION WEST GAS TREATING FACILITY COUSHATTA, LA",TRUE,FALSE,FALSE,FALSE,FALSE,0,123490.454,post,LA,7,0.04069,0.01402,1731.70474,32264.9,2536259.067,TRUE
1004144,XTO - NEW TEAGUE PLANT,TRUE,FALSE,FALSE,FALSE,FALSE,0,123023.8948,post,TX,7,0.04069,0.01402,1725.16219,32143,2526676.828,TRUE
1013919,LATHAM GAS PLANT,TRUE,FALSE,FALSE,FALSE,FALSE,0,26240.38692,post,CO,8,0.05746,0.06545,1717.49253,32000.1,538927.6427,TRUE
1010780,TARGA DRIVER JOHNSON GAS PROCESSING PLANT,TRUE,FALSE,FALSE,FALSE,FALSE,0,115062.1518,post,TX,7,0.04069,0.01402,1613.51479,30062.8,2363157.769,TRUE
1009130,WARNER CO2 TREATMENT PLANT,TRUE,FALSE,FALSE,FALSE,FALSE,0,114954.2193,post,MI,3,0.03277,0.01402,1612.00125,30034.6,2360941.041,TRUE
1010154,HAWKVILLE GAS TREATING FACILITY,TRUE,FALSE,FALSE,FALSE,FALSE,0,110463.1563,post,TX,7,0.04069,0.01402,1549.02314,28861.2,2268703.148,TRUE
1011530,HAWKVILLE NORTH EAST CENTRAL DELIVERY POINT,TRUE,FALSE,FALSE,FALSE,FALSE,0,104981.9467,post,TX,7,0.04069,0.01402,1472.16022,27429.1,2156129.527,TRUE
1013052,NEWBERRY GAS PLANT,TRUE,FALSE,FALSE,FALSE,FALSE,0,103904.9183,post,TX,7,0.04069,0.01402,1457.05707,27147.7,2134009.412,TRUE
1008924,NATIONAL HELIUM PLANT,TRUE,FALSE,FALSE,FALSE,FALSE,0,103799.2822,post,KS,4,0.03277,0.01402,1455.57574,27120.1,2131839.849,TRUE
1006697,NGPL INTERCONNECT,TRUE,FALSE,FALSE,FALSE,FALSE,0,100950.1708,post,TX,7,0.04069,0.01402,1415.62269,26375.7,2073324.519,TRUE
1013903,BATTLE HORSE PLANT,TRUE,FALSE,FALSE,FALSE,FALSE,0,100232.9174,post,TX,7,0.04069,0.01402,1405.56466,26188.3,2058593.497,TRUE
1011614,LONESTAR PROCESSING FACILITY,TRUE,FALSE,FALSE,FALSE,FALSE,0,98006.14011,post,TX,7,0.04069,0.01402,1374.3386,25606.5,2012859.727,TRUE
1009772,"KH NORTH ELM GROVE GAS TREATING FACILITY HAUGHTON, LA",TRUE,FALSE,FALSE,FALSE,FALSE,0,96639.76079,post,LA,7,0.04069,0.01402,1355.17788,25249.5,1984796.894,TRUE
1012392,ENERGY TRANSFER 220 - GULF COAST BASIN,TRUE,FALSE,FALSE,FALSE,FALSE,0,96387.15285,post,TX,7,0.04069,0.01402,1351.63556,25183.5,1979608.808,TRUE
1005391,XTO - FARRAR PLANT,TRUE,FALSE,FALSE,FALSE,FALSE,0,95452.50347,post,TX,7,0.04069,0.01402,1338.52899,24939.3,1960412.887,TRUE
1010119,O'CONNOR GAS PLANT,TRUE,FALSE,FALSE,FALSE,FALSE,0,20217.41693,post,CO,8,0.05746,0.06545,1323.27556,24655.1,415227.2938,TRUE
1012284,"SCISSORTAIL ENERGY CABLE COMPRESSOR STATION MCALESTER, OK",TRUE,FALSE,FALSE,FALSE,FALSE,0,86863.45073,post,OK,7,0.04069,0.01402,1218.08483,22695.2,1784010.079,TRUE
1012769,"SWG PIPELINE, LLC G&B 420 - FORT WORTH SYNCLINE",TRUE,FALSE,FALSE,FALSE,FALSE,0,86223.51061,post,TX,7,0.04069,0.01402,1209.11096,22528,1770866.926,TRUE
1012390,ENERGY TRANSFER 430 - PERMIAN BASIN,TRUE,FALSE,FALSE,FALSE,FALSE,0,84956.64351,post,TX,7,0.04069,0.01402,1191.34571,22197,1744847.885,TRUE
1011510,TARGA GAS PROCESSING LLC - HIGH PLAINS HOPSON GAS PLANT,TRUE,FALSE,FALSE,FALSE,FALSE,0,68986,post,TX,7,0.04069,0.01402,1182.52212,22032.6,1416841.241,TRUE
1012983,BRAZOS MIDSTREAM - COMANCHE PLANT,TRUE,FALSE,FALSE,FALSE,FALSE,0,83307.0371,post,TX,7,0.04069,0.01402,1168.2133,21766,1710968.106,TRUE
1011949,KDB CENTRAL TREATING FACILITY PLANT,TRUE,FALSE,FALSE,FALSE,FALSE,0,82553.04067,post,TX,7,0.04069,0.01402,1157.64002,21569,1695482.454,TRUE
1013406,BELLE ISLE BATTERY I PRODUCTION FACILITY,TRUE,FALSE,FALSE,FALSE,FALSE,0,81940.65779,post,LA,7,0.04069,0.01402,1149.05258,21409,1682905.274,TRUE
1011285,RIDGE AMINE PLANT,TRUE,FALSE,FALSE,FALSE,FALSE,0,81409.03289,post,TX,7,0.04069,0.01402,1141.59762,21270.1,1671986.71,TRUE
1011130,TARGA TUPELO GAS PROCESSING PLANT,TRUE,FALSE,FALSE,FALSE,FALSE,0,78809.85027,post,OK,7,0.04069,0.01402,1105.14932,20591,1618604.442,TRUE
1013266,CAYMUS PLANT,TRUE,FALSE,FALSE,FALSE,FALSE,0,97398,post,TX,7,0.04069,0.01402,1087.32502,20258.9,2000369.686,TRUE
1013662,TAYLOR GAS PLANT,TRUE,FALSE,FALSE,FALSE,FALSE,0,71449.3907,post,TX,7,0.04069,0.01402,1001.93371,18667.9,1467434.601,TRUE
1012572,MARATHON OIL EF - GULF COAST BASIN (AAPG BASIN NUMBER 220) - GB,TRUE,FALSE,FALSE,FALSE,FALSE,0,69917.668,post,TX,7,0.04069,0.01402,980.45438,18267.7,1435975.929,TRUE
1011365,REBEL GAS PLANT,TRUE,FALSE,FALSE,FALSE,FALSE,0,114830,post,TX,7,0.04069,0.01402,969.74156,18068.1,2358389.813,TRUE
1013647,IRON HORSE PROCESSING PLANT,TRUE,FALSE,FALSE,FALSE,FALSE,0,68659.22117,post,OK,7,0.04069,0.01402,962.8072,17938.9,1410129.825,TRUE
1013364,ROADRUNNER GAS PROCESSING PLANT,TRUE,FALSE,FALSE,FALSE,FALSE,0,14705.23088,post,NM,8,0.05746,0.06545,962.49054,17933,302017.4755,TRUE
1006483,"SCISSORTAIL ENERGY FEATHERSTON STATION QUINTON, OK",TRUE,FALSE,FALSE,FALSE,FALSE,0,67577.59989,post,OK,7,0.04069,0.01402,947.63964,17656.3,1387915.381,TRUE
1012809,RIPTIDE GAS PLANT,TRUE,FALSE,FALSE,FALSE,FALSE,0,112931,post,TX,7,0.04069,0.01402,933.66896,17396,2319387.965,TRUE
1012804,"ENLINK NORTH TEXAS GATHERING, LP G&B 415 - STRAWN BASIN",TRUE,FALSE,FALSE,FALSE,FALSE,0,65642.8527,post,TX,7,0.04069,0.01402,920.50871,17150.8,1348179.353,TRUE
1004110,WEST FRENCHIE DRAW AMINE PLANT,TRUE,FALSE,FALSE,FALSE,FALSE,0,13867.91915,post,WY,8,0.05746,0.06545,907.6866,16911.9,284820.685,TRUE
1012433,MERIT ENERGY 345 ARKOMA BASIN GB,TRUE,FALSE,FALSE,FALSE,FALSE,0,64462.48469,post,TX,7,0.04069,0.01402,903.95643,16842.4,1323936.839,TRUE
1012566,"KINDER MORGAN, INC. 345 ARKOMA BASIN",TRUE,FALSE,FALSE,FALSE,FALSE,0,57798.61065,post,TX,7,0.04069,0.01402,810.50903,15101.3,1187073.54,TRUE
1013949,XTO - BOYSCOUT BOARDWALK,TRUE,FALSE,FALSE,FALSE,FALSE,0,56835.63856,post,AR,7,0.04069,0.01402,797.00529,14849.7,1167295.924,TRUE
1010592,ZIDER,TRUE,FALSE,FALSE,FALSE,FALSE,0,56734.59538,post,TX,7,0.04069,0.01402,795.58836,14823.3,1165220.69,TRUE
1012737,"SWG PIPELINE, LLC G&B 415 - STRAWN BASIN",TRUE,FALSE,FALSE,FALSE,FALSE,0,54662.44479,post,TX,7,0.04069,0.01402,766.53062,14281.9,1122662.657,TRUE
1013618,JACKSON LAKE GAS PLANT,TRUE,FALSE,FALSE,FALSE,FALSE,0,11710.55608,post,CO,8,0.05746,0.06545,766.48232,14281,240512.5504,TRUE
1012906,ARROWHEAD GAS PLANT,TRUE,FALSE,FALSE,FALSE,FALSE,0,235098,post,TX,7,0.04069,0.01402,752.11447,14013.3,4828465.804,TRUE
1012622,SUMMIT MIDSTREAM 415 STRAWN BASIN GB,TRUE,FALSE,FALSE,FALSE,FALSE,0,11129.16932,post,CO,8,0.05746,0.06545,728.42924,13572,228571.9722,TRUE
1012465,TARGA BUFFALO GAS PROCESSING PLANT,TRUE,FALSE,FALSE,FALSE,FALSE,0,50913.13056,post,TX,7,0.04069,0.01402,713.95405,13302.3,1045658.874,TRUE
1012591,EMP 345 ARKOMA GB,TRUE,FALSE,FALSE,FALSE,FALSE,0,50575.93723,post,OK,7,0.04069,0.01402,709.22559,13214.2,1038733.564,TRUE
1012461,WTG SOUTH PERMIAN MIDSTREAM LLC 430 PERMIAN BASIN GB,TRUE,FALSE,FALSE,FALSE,FALSE,0,50334.04599,post,TX,7,0.04069,0.01402,705.83355,13151,1033765.578,TRUE
1012272,BASIN 540 DENVER JULESBURG ? NBL MIDSTREAM HOLDINGS LLC,TRUE,FALSE,FALSE,FALSE,FALSE,0,10644.54369,post,CO,8,0.05746,0.06545,696.7094,12981,218618.6834,TRUE
1013973,TRIDENT GAS PLANT,TRUE,FALSE,FALSE,FALSE,FALSE,0,49389.82812,post,TX,7,0.04069,0.01402,692.5928,12904.3,1014373.139,TRUE
1012150,LINCOLN PARISH GAS PROCESSING PLANT,TRUE,FALSE,FALSE,FALSE,FALSE,0,16023,post,LA,7,0.04069,0.01402,681.50964,12697.8,329081.947,TRUE
1010782,BUCKING HORSE PLANT,TRUE,FALSE,FALSE,FALSE,FALSE,0,37274,post,WY,8,0.05746,0.06545,675.39646,12583.9,765537.0713,TRUE
1011281,NORTH LOUISIANA GAS PLANT,TRUE,FALSE,FALSE,FALSE,FALSE,0,46590.85559,post,LA,7,0.04069,0.01402,653.34285,12173,956887.5659,TRUE
1010313,PANOLA II GAS PLANT,TRUE,FALSE,FALSE,FALSE,FALSE,0,46265.14444,post,TX,7,0.04069,0.01402,648.77541,12087.9,950198.0784,TRUE
1010881,HEREFORD RANCH PROCESSING PLANT,TRUE,FALSE,FALSE,FALSE,FALSE,0,6021,post,CO,8,0.05746,0.06545,603.9812,11253.3,123659.8891,TRUE
1004837,KEATCHIE GAS PLANT,TRUE,FALSE,FALSE,FALSE,FALSE,0,41165.52594,post,LA,7,0.04069,0.01402,577.26354,10755.5,845461.613,TRUE
1013774,BLACK RIVER GAS PROCESSING PLANT,TRUE,FALSE,FALSE,FALSE,FALSE,0,8409.36172,post,NM,8,0.05746,0.06545,550.4117,10255.2,172712.2966,TRUE
1012232,WILLIAMS G&B FACILITY  STRAWN BASIN 415,TRUE,FALSE,FALSE,FALSE,FALSE,0,38913.87061,post,OK,7,0.04069,0.01402,545.68861,10167.2,799216.8948,TRUE
1012357,AERA ENERGY SAN JOAQUIN G AND B,TRUE,FALSE,FALSE,FALSE,FALSE,0,38488.64724,post,CA,9,0.03277,0.01402,539.72571,10056.1,790483.6155,TRUE
1009769,"KH EAST HOLLY GAS TREATING FACILITY GLOSTER,LA",TRUE,FALSE,FALSE,FALSE,FALSE,0,38166.38075,post,LA,7,0.04069,0.01402,535.20657,9971.9,783864.8746,TRUE
1008677,AREA 51 CGP FACILITY,TRUE,FALSE,FALSE,FALSE,FALSE,0,37652.7446,post,TX,7,0.04069,0.01402,528.00386,9837.7,773315.765,TRUE
1012500,TARGA RESOURCES CORP. 430 PERMIAN BASIN GB,TRUE,FALSE,FALSE,FALSE,FALSE,0,37274.9809,post,TX,7,0.04069,0.01402,522.70648,9739,765557.2172,TRUE
1011722,MIDMAR EAST GAS PLANT,TRUE,FALSE,FALSE,FALSE,FALSE,0,36678,post,TX,7,0.04069,0.01402,515.1066,9597.4,753296.3648,TRUE
1010547,OFS GPRP CANADIAN VALLEY,TRUE,FALSE,FALSE,FALSE,FALSE,0,36111.83616,post,OK,7,0.04069,0.01402,506.39572,9435.1,741668.4362,TRUE
1012464,"DIVIDE CREEK GATHERING SYSTEM, LLC",TRUE,FALSE,FALSE,FALSE,FALSE,0,7591.56622,post,CO,8,0.05746,0.06545,496.88514,9257.9,155916.3322,TRUE
1005215,MIVIDA TREATER PLANT,TRUE,FALSE,FALSE,FALSE,FALSE,0,63476,post,TX,7,0.04069,0.01402,478.16453,8909.1,1303676.32,TRUE
1012472,TARGA RESOURCES CORP. 345 ARKOMA BASIN GB,TRUE,FALSE,FALSE,FALSE,FALSE,0,33744.59356,post,TX,7,0.04069,0.01402,473.19992,8816.6,693049.7752,TRUE
1013904,BIG LAKE CRYO PLANT,TRUE,FALSE,FALSE,FALSE,FALSE,0,111773,post,TX,7,0.04069,0.01402,453.99626,8458.8,2295604.847,TRUE
1010691,RED BLUFF PROCESSING PLANT,TRUE,FALSE,FALSE,FALSE,FALSE,0,73455,post,TX,7,0.04069,0.01402,437.05755,8143.2,1508626.001,TRUE
1011670,SILVER PLANT,TRUE,FALSE,FALSE,FALSE,FALSE,0,30658.94928,post,TX,7,0.04069,0.01402,429.92997,8010.4,629676.5102,TRUE
1013957,PANTHER CREEK PROCESSING FACILITY,TRUE,FALSE,FALSE,FALSE,FALSE,0,30323.28691,post,OK,7,0.04069,0.01402,425.22299,7922.7,622782.6434,TRUE
1011981,VALLEY WELLS TREATER,TRUE,FALSE,FALSE,FALSE,FALSE,0,28114.88112,post,TX,7,0.04069,0.01402,394.25455,7345.7,577426.1885,TRUE
1008920,DCP MIDSTREAM LP CIMARRON PLT,TRUE,FALSE,FALSE,FALSE,FALSE,0,28075.45897,post,OK,7,0.04069,0.01402,393.70173,7335.4,576616.5326,TRUE
1013787,TARGA GATEWAY GAS PROCESSING PLANT,TRUE,FALSE,FALSE,FALSE,FALSE,0,27689.65775,post,TX,7,0.04069,0.01402,388.29165,7234.6,568692.9093,TRUE
1013558,MENTONE GAS PLANT,TRUE,FALSE,FALSE,FALSE,FALSE,0,27350.55073,post,TX,7,0.04069,0.01402,383.53635,7146,561728.2959,TRUE
1008081,"VINE OIL & GAS, LP ARKLA BASIN",TRUE,FALSE,FALSE,FALSE,FALSE,0,26831.55623,post,LA,7,0.04069,0.01402,376.2585,7010.4,551069.136,TRUE
1012351,CALIFORNIA RESOURCES PRODUCTION CORPORATION- VENTURA BASIN GATHERING AND BOOSTING,TRUE,FALSE,FALSE,FALSE,FALSE,0,26348.53923,post,CA,9,0.03277,0.01402,369.48516,6884.2,541148.8854,TRUE
1010732,CHISHOLM PLANT,TRUE,FALSE,FALSE,FALSE,FALSE,0,32775,post,TX,7,0.04069,0.01402,363.84966,6779.2,673136.1676,TRUE
1007489,PITTSBURG GAS PLANT,TRUE,FALSE,FALSE,FALSE,FALSE,0,24548.89902,post,TX,7,0.04069,0.01402,344.24883,6414,504187.698,TRUE
1011986,STERLING ENERGY INVESTMENTS LLC CENTENNIAL GAS PLANT,TRUE,FALSE,FALSE,FALSE,FALSE,0,5049,post,CO,8,0.05746,0.06545,341.44182,6361.7,103696.8577,TRUE
1011538,REDTAIL GAS PLANT,TRUE,FALSE,FALSE,FALSE,FALSE,0,9223,post,CO,8,0.05746,0.06545,336.86901,6276.5,189422.8794,TRUE
1012984,"SOUTHERN ENERGY OPERATING, LLC MIDGULF COAST BASIN",TRUE,FALSE,FALSE,FALSE,FALSE,0,22589.27378,post,MS,6,0.03277,0.01402,316.76904,5902,463940.7224,TRUE
1012558,KINDER MORGAN PRODUCTION 430 PERMIAN BASIN GB,TRUE,FALSE,FALSE,FALSE,FALSE,0,22274.27933,post,TX,7,0.04069,0.01402,312.35188,5819.7,457471.3355,TRUE
1012495,420 FORT WORTH SYNCLINE,TRUE,FALSE,FALSE,FALSE,FALSE,0,22207.68269,post,TX,7,0.04069,0.01402,311.41799,5802.3,456103.5672,TRUE
1012393,ENERGY TRANSFER 230 - ARKLA BASIN,TRUE,FALSE,FALSE,FALSE,FALSE,0,19726.76651,post,TX,7,0.04069,0.01402,276.62814,5154.1,405150.2673,TRUE
1012964,STARTEX GULF COAST BASIN #220,TRUE,FALSE,FALSE,FALSE,FALSE,0,19162.22604,post,TX,7,0.04069,0.01402,268.7116,5006.6,393555.6796,TRUE
1010312,PANOLA COUNTY GAS PLANT,TRUE,FALSE,FALSE,FALSE,FALSE,0,21778,post,TX,7,0.04069,0.01402,258.93803,4824.5,447278.702,TRUE
1008681,AREA 72 CGP FACILITY,TRUE,FALSE,FALSE,FALSE,FALSE,0,18078.30833,post,TX,7,0.04069,0.01402,253.51184,4723.4,371294.0712,TRUE
1012818,LEWIS ENERGY GROUP - G&B,TRUE,FALSE,FALSE,FALSE,FALSE,0,17124.13924,post,TX,7,0.04069,0.01402,240.13154,4474.1,351697.2528,TRUE
1012358,"MERIT ENERGY CO., SOUTH TEXAS G&B ? 220",TRUE,FALSE,FALSE,FALSE,FALSE,0,16962.24051,post,TX,7,0.04069,0.01402,237.86124,4431.8,348372.1609,TRUE
1009103,STUART PLANT,TRUE,FALSE,FALSE,FALSE,FALSE,0,16886.45813,post,OK,7,0.04069,0.01402,236.79854,4412,346815.7349,TRUE
1012233,WILLIAMS G&B FACILITY ? ANADARKO BASIN 360,TRUE,FALSE,FALSE,FALSE,FALSE,0,16369.76007,post,OK,7,0.04069,0.01402,229.55289,4277,336203.7394,TRUE
1013867,ST. LAWRENCE GAS PLANT,TRUE,FALSE,FALSE,FALSE,FALSE,0,14278.85525,post,TX,7,0.04069,0.01402,200.23217,3730.7,293260.5309,TRUE
1010351,RAWHIDE GAS PLANT,TRUE,FALSE,FALSE,FALSE,FALSE,0,16907,post,TX,7,0.04069,0.01402,199.04603,3708.6,347237.6258,TRUE
1012788,BEARKAT CRYOGENIC PLANT,TRUE,FALSE,FALSE,FALSE,FALSE,0,37379,post,TX,7,0.04069,0.01402,197.88136,3686.9,767693.5716,TRUE
1010222,GULF COAST BASIN,TRUE,FALSE,FALSE,FALSE,FALSE,0,12319.23001,post,TX,7,0.04069,0.01402,172.75237,3218.7,253013.5553,TRUE
1008680,AREA 71 CGP FACILITY,TRUE,FALSE,FALSE,FALSE,FALSE,0,10549.44346,post,TX,7,0.04069,0.01402,147.93468,2756.3,216665.5055,TRUE
1009878,CONTURA PENNSYLVANIA LAND LLC,TRUE,FALSE,FALSE,FALSE,FALSE,0,10092.45273,post,PA,2,0.03277,0.01402,141.52631,2636.9,207279.785,TRUE
1012822,"URBAN 220 GULF COAST BASIN (LA, TX) GB",TRUE,FALSE,FALSE,FALSE,FALSE,0,9448.30248,post,TX,7,0.04069,0.01402,132.4934,2468.6,194050.1639,TRUE
1012478,ENTERPRISE PRODUCTS OPERATING LLC 220 GULF COAST BASIN,TRUE,FALSE,FALSE,FALSE,FALSE,0,8675.16908,post,TX,7,0.04069,0.01402,121.65176,2266.6,178171.4743,TRUE
1012457,"WTG GAS PROCESSING, L.P. 430 PERMIAN BASIN GB",TRUE,FALSE,FALSE,FALSE,FALSE,0,8552.69251,post,TX,7,0.04069,0.01402,119.93428,2234.6,175656.0384,TRUE
1013511,TARGA FALCON GAS PROCESSING PLANT,TRUE,FALSE,FALSE,FALSE,FALSE,0,7998.10325,post,TX,7,0.04069,0.01402,112.15728,2089.7,164265.8298,TRUE
1009706,"SILVERBOW RESOURCES, LLC - BASIN 220",TRUE,FALSE,FALSE,FALSE,FALSE,0,7461.88549,post,TX,7,0.04069,0.01402,104.63791,1949.6,153252.9367,TRUE
1010634,DEADWOOD CRYO PLANT,TRUE,FALSE,FALSE,FALSE,FALSE,0,5311,post,TX,7,0.04069,0.01402,98.75014,1839.9,109077.8394,TRUE
1008293,MARATHON OIL EF - GULF COAST BASIN (AAPG BASIN NUMBER 220),TRUE,FALSE,FALSE,FALSE,FALSE,0,6660.04664,post,TX,7,0.04069,0.01402,93.39373,1740.1,136784.6918,TRUE
1011998,"RANGE RESOURCES-LOUISIANA, INC.-BASIN 230 (HOUSTON, TX)",TRUE,FALSE,FALSE,FALSE,FALSE,0,6516.13667,post,TX,7,0.04069,0.01402,91.37568,1702.5,133829.0546,TRUE
1011762,CARMEN GAS PROCESSING PLANT,TRUE,FALSE,FALSE,FALSE,FALSE,0,6461.78768,post,OK,7,0.04069,0.01402,90.61355,1688.3,132712.8298,TRUE
1012518,EGG 360 ANADARKO GB,TRUE,FALSE,FALSE,FALSE,FALSE,0,6366.4856,post,OK,7,0.04069,0.01402,89.27713,1663.4,130755.5062,TRUE
1012873,"LONESTAR RESOURCES 220 GULF COAST BASIN (LA, TX)",TRUE,FALSE,FALSE,FALSE,FALSE,0,6302.18539,post,TX,7,0.04069,0.01402,88.37545,1646.6,129434.9023,TRUE
1012146,COASTAL BASIN GATHERING & BOOSTING - CHEVRON USA INC.,TRUE,FALSE,FALSE,FALSE,FALSE,0,6036.94706,post,CA,9,0.03277,0.01402,84.65602,1577.3,123987.4113,TRUE
1011129,TARGA SILVER OAK GAS PLANT,TRUE,FALSE,FALSE,FALSE,FALSE,0,5756.01641,post,TX,7,0.04069,0.01402,80.71653,1503.9,118217.63,TRUE
1010777,BUFFALO CREEK PROCESSING PLANT,TRUE,FALSE,FALSE,FALSE,FALSE,0,38942,post,OK,7,0.04069,0.01402,80.00807,1490.7,799794.619,TRUE
1006160,MIDMAR WEST GAS PLANT,TRUE,FALSE,FALSE,FALSE,FALSE,0,24869,post,TX,7,0.04069,0.01402,74.58188,1389.6,510761.9634,TRUE
1013737,APR - BASIN 430 - GATHERING & BOOSTING,TRUE,FALSE,FALSE,FALSE,FALSE,0,5147.07817,post,TX,7,0.04069,0.01402,72.1774,1344.8,105711.1968,TRUE
1011160,OAK GROVE PLANT,TRUE,FALSE,FALSE,FALSE,FALSE,0,224286,post,WV,5,0.00017,0.00017,38.75617,722.1,4606407.887,TRUE
1011497,NATRIUM EXTRACTION AND FRACTIONATION FACILITY,TRUE,FALSE,FALSE,FALSE,FALSE,0,127626.5301,post,WV,5,0.00017,0.00017,22.05361,410.9,2621206.205,TRUE
1012675,EAST TOYAH GAS PROCESSING PLANT,TRUE,FALSE,FALSE,FALSE,FALSE,0,131281,post,TX,7,0.04069,0.01402,2.66747,49.7,2696262.066,TRUE
1011930,PECOS GAS PROCESSING PLANT,TRUE,FALSE,FALSE,FALSE,FALSE,0,71939,post,TX,7,0.04069,0.01402,2.16833,40.4,1477490.244,TRUE
